{
  "IsCloudStoreUrl": true,
  "StoreUrl": "https://cloud.uipath.com/sodelsolutions/SodelSolutionsDefault/dataservice_/entities",
  "TenantName": "SodelSolutionsDefault",
  "Namespace": "VoterDataService",
  "SelectedEntitiesNames": [
    "VoterData"
  ],
  "Entities": [
    {
      "Id": "a2b97be4-f97f-eb11-b566-000d3a229707",
      "Name": "VoterData",
      "DisplayName": "VoterData",
      "Description": "",
      "CreateTime": "2021-03-08T10:34:52.99Z",
      "UpdateTime": "2021-03-08T10:38:44.103Z",
      "Fields": [
        {
          "Id": "83bf419a-f95c-47b9-8852-fd8a1aa5dcea",
          "Name": "CreatedBy",
          "DisplayName": "CreatedBy",
          "Description": "System built-in field",
          "CreateTime": "2021-03-08T10:34:53.003Z",
          "UpdateTime": "2021-03-08T10:34:53.003Z",
          "SqlType": {
            "Name": "UNIQUEIDENTIFIER",
            "LengthLimit": null,
            "MaxValue": null,
            "MinValue": null,
            "DecimalPrecision": null
          },
          "IsSystemField": true,
          "IsRequired": true,
          "ReferenceEntity": null,
          "ReferenceType": "ManyToOne",
          "FieldDisplayType": "Basic",
          "ReferenceChoiceSet": null,
          "IsAttachment": false
        },
        {
          "Id": "6789f315-ef5c-4a98-8ce2-05cded1d32e0",
          "Name": "CreateTime",
          "DisplayName": "CreateTime",
          "Description": "System built-in field",
          "CreateTime": "2021-03-08T10:34:53.003Z",
          "UpdateTime": "2021-03-08T10:34:53.003Z",
          "SqlType": {
            "Name": "DATETIMEOFFSET",
            "LengthLimit": null,
            "MaxValue": null,
            "MinValue": null,
            "DecimalPrecision": null
          },
          "IsSystemField": true,
          "IsRequired": true,
          "ReferenceEntity": null,
          "ReferenceType": "ManyToOne",
          "FieldDisplayType": "Basic",
          "ReferenceChoiceSet": null,
          "IsAttachment": false
        },
        {
          "Id": "c9b56042-e8ce-44b1-b122-9cce996efc90",
          "Name": "Id",
          "DisplayName": "Id",
          "Description": "System built-in field",
          "CreateTime": "2021-03-08T10:34:53.003Z",
          "UpdateTime": "2021-03-08T10:34:53.003Z",
          "SqlType": {
            "Name": "UNIQUEIDENTIFIER",
            "LengthLimit": null,
            "MaxValue": null,
            "MinValue": null,
            "DecimalPrecision": null
          },
          "IsSystemField": true,
          "IsRequired": true,
          "ReferenceEntity": null,
          "ReferenceType": "ManyToOne",
          "FieldDisplayType": "Basic",
          "ReferenceChoiceSet": null,
          "IsAttachment": false
        },
        {
          "Id": "4918915f-fa7f-eb11-b566-000d3a229707",
          "Name": "PersonName",
          "DisplayName": "Person Name",
          "Description": "",
          "CreateTime": "2021-03-08T10:38:09.687Z",
          "UpdateTime": "2021-03-08T10:38:09.687Z",
          "SqlType": {
            "Name": "NVARCHAR",
            "LengthLimit": 200,
            "MaxValue": null,
            "MinValue": null,
            "DecimalPrecision": null
          },
          "IsSystemField": false,
          "IsRequired": false,
          "ReferenceEntity": null,
          "ReferenceType": "ManyToOne",
          "FieldDisplayType": "Basic",
          "ReferenceChoiceSet": null,
          "IsAttachment": false
        },
        {
          "Id": "24296fc5-b3fc-4dd5-a52c-d53f3c55aa6d",
          "Name": "UpdatedBy",
          "DisplayName": "UpdatedBy",
          "Description": "System built-in field",
          "CreateTime": "2021-03-08T10:34:53.003Z",
          "UpdateTime": "2021-03-08T10:34:53.003Z",
          "SqlType": {
            "Name": "UNIQUEIDENTIFIER",
            "LengthLimit": null,
            "MaxValue": null,
            "MinValue": null,
            "DecimalPrecision": null
          },
          "IsSystemField": true,
          "IsRequired": false,
          "ReferenceEntity": null,
          "ReferenceType": "ManyToOne",
          "FieldDisplayType": "Basic",
          "ReferenceChoiceSet": null,
          "IsAttachment": false
        },
        {
          "Id": "8172ad22-e8ca-4b05-b54c-a5942ed86258",
          "Name": "UpdateTime",
          "DisplayName": "UpdateTime",
          "Description": "System built-in field",
          "CreateTime": "2021-03-08T10:34:53.003Z",
          "UpdateTime": "2021-03-08T10:34:53.003Z",
          "SqlType": {
            "Name": "DATETIMEOFFSET",
            "LengthLimit": null,
            "MaxValue": null,
            "MinValue": null,
            "DecimalPrecision": null
          },
          "IsSystemField": true,
          "IsRequired": false,
          "ReferenceEntity": null,
          "ReferenceType": "ManyToOne",
          "FieldDisplayType": "Basic",
          "ReferenceChoiceSet": null,
          "IsAttachment": false
        },
        {
          "Id": "d4741574-fa7f-eb11-b566-000d3a229707",
          "Name": "Voter",
          "DisplayName": "Voter",
          "Description": "",
          "CreateTime": "2021-03-08T10:38:44.103Z",
          "UpdateTime": "2021-03-08T10:38:44.103Z",
          "SqlType": {
            "Name": "BIT",
            "LengthLimit": 200,
            "MaxValue": null,
            "MinValue": null,
            "DecimalPrecision": null
          },
          "IsSystemField": false,
          "IsRequired": false,
          "ReferenceEntity": null,
          "ReferenceType": "ManyToOne",
          "FieldDisplayType": "Basic",
          "ReferenceChoiceSet": null,
          "IsAttachment": false
        }
      ],
      "RecordCount": 0,
      "EntityType": "Entity"
    }
  ],
  "EntitiesJson": "{\"entities\":[{\"name\":\"VoterData\",\"displayName\":\"VoterData\",\"entityTypeId\":0,\"entityType\":\"Entity\",\"description\":\"\",\"fields\":[{\"id\":\"83bf419a-f95c-47b9-8852-fd8a1aa5dcea\",\"name\":\"CreatedBy\",\"isPrimaryKey\":false,\"isForeignKey\":false,\"isUnique\":false,\"referenceType\":\"ManyToOne\",\"sqlType\":{\"name\":\"UNIQUEIDENTIFIER\"},\"isRequired\":true,\"displayName\":\"CreatedBy\",\"description\":\"System built-in field\",\"createTime\":\"2021-03-08T10:34:53.003Z\",\"createdBy\":\"4abbfc8f-e8f7-4d40-9370-dcb2e55de5be\",\"updateTime\":\"2021-03-08T10:34:53.003Z\",\"isSystemField\":true,\"fieldDisplayType\":\"Basic\",\"choiceSetId\":\"00000000-0000-0000-0000-000000000000\",\"isAttachment\":false,\"isRbacEnabled\":false},{\"id\":\"6789f315-ef5c-4a98-8ce2-05cded1d32e0\",\"name\":\"CreateTime\",\"isPrimaryKey\":false,\"isForeignKey\":false,\"isUnique\":false,\"referenceType\":\"ManyToOne\",\"sqlType\":{\"name\":\"DATETIMEOFFSET\"},\"isRequired\":true,\"displayName\":\"CreateTime\",\"description\":\"System built-in field\",\"createTime\":\"2021-03-08T10:34:53.003Z\",\"createdBy\":\"4abbfc8f-e8f7-4d40-9370-dcb2e55de5be\",\"updateTime\":\"2021-03-08T10:34:53.003Z\",\"isSystemField\":true,\"fieldDisplayType\":\"Basic\",\"choiceSetId\":\"00000000-0000-0000-0000-000000000000\",\"isAttachment\":false,\"isRbacEnabled\":false},{\"id\":\"c9b56042-e8ce-44b1-b122-9cce996efc90\",\"name\":\"Id\",\"isPrimaryKey\":true,\"isForeignKey\":false,\"isUnique\":false,\"referenceType\":\"ManyToOne\",\"sqlType\":{\"name\":\"UNIQUEIDENTIFIER\"},\"isRequired\":true,\"displayName\":\"Id\",\"description\":\"System built-in field\",\"createTime\":\"2021-03-08T10:34:53.003Z\",\"createdBy\":\"4abbfc8f-e8f7-4d40-9370-dcb2e55de5be\",\"updateTime\":\"2021-03-08T10:34:53.003Z\",\"isSystemField\":true,\"fieldDisplayType\":\"Basic\",\"choiceSetId\":\"00000000-0000-0000-0000-000000000000\",\"isAttachment\":false,\"isRbacEnabled\":false},{\"id\":\"4918915f-fa7f-eb11-b566-000d3a229707\",\"name\":\"PersonName\",\"isPrimaryKey\":false,\"isForeignKey\":false,\"isUnique\":false,\"referenceType\":\"ManyToOne\",\"sqlType\":{\"name\":\"NVARCHAR\",\"lengthLimit\":200},\"isRequired\":false,\"displayName\":\"Person Name\",\"description\":\"\",\"createTime\":\"2021-03-08T10:38:09.687Z\",\"createdBy\":\"4abbfc8f-e8f7-4d40-9370-dcb2e55de5be\",\"updateTime\":\"2021-03-08T10:38:09.687Z\",\"updatedBy\":\"4abbfc8f-e8f7-4d40-9370-dcb2e55de5be\",\"isSystemField\":false,\"fieldDisplayType\":\"Basic\",\"choiceSetId\":\"00000000-0000-0000-0000-000000000000\",\"isAttachment\":false,\"isRbacEnabled\":false},{\"id\":\"24296fc5-b3fc-4dd5-a52c-d53f3c55aa6d\",\"name\":\"UpdatedBy\",\"isPrimaryKey\":false,\"isForeignKey\":false,\"isUnique\":false,\"referenceType\":\"ManyToOne\",\"sqlType\":{\"name\":\"UNIQUEIDENTIFIER\"},\"isRequired\":false,\"displayName\":\"UpdatedBy\",\"description\":\"System built-in field\",\"createTime\":\"2021-03-08T10:34:53.003Z\",\"createdBy\":\"4abbfc8f-e8f7-4d40-9370-dcb2e55de5be\",\"updateTime\":\"2021-03-08T10:34:53.003Z\",\"isSystemField\":true,\"fieldDisplayType\":\"Basic\",\"choiceSetId\":\"00000000-0000-0000-0000-000000000000\",\"isAttachment\":false,\"isRbacEnabled\":false},{\"id\":\"8172ad22-e8ca-4b05-b54c-a5942ed86258\",\"name\":\"UpdateTime\",\"isPrimaryKey\":false,\"isForeignKey\":false,\"isUnique\":false,\"referenceType\":\"ManyToOne\",\"sqlType\":{\"name\":\"DATETIMEOFFSET\"},\"isRequired\":false,\"displayName\":\"UpdateTime\",\"description\":\"System built-in field\",\"createTime\":\"2021-03-08T10:34:53.003Z\",\"createdBy\":\"4abbfc8f-e8f7-4d40-9370-dcb2e55de5be\",\"updateTime\":\"2021-03-08T10:34:53.003Z\",\"isSystemField\":true,\"fieldDisplayType\":\"Basic\",\"choiceSetId\":\"00000000-0000-0000-0000-000000000000\",\"isAttachment\":false,\"isRbacEnabled\":false},{\"id\":\"d4741574-fa7f-eb11-b566-000d3a229707\",\"name\":\"Voter\",\"isPrimaryKey\":false,\"isForeignKey\":false,\"isUnique\":false,\"referenceType\":\"ManyToOne\",\"sqlType\":{\"name\":\"BIT\",\"lengthLimit\":200},\"isRequired\":false,\"displayName\":\"Voter\",\"description\":\"\",\"createTime\":\"2021-03-08T10:38:44.103Z\",\"createdBy\":\"4abbfc8f-e8f7-4d40-9370-dcb2e55de5be\",\"updateTime\":\"2021-03-08T10:38:44.103Z\",\"updatedBy\":\"4abbfc8f-e8f7-4d40-9370-dcb2e55de5be\",\"isSystemField\":false,\"fieldDisplayType\":\"Basic\",\"choiceSetId\":\"00000000-0000-0000-0000-000000000000\",\"isAttachment\":false,\"isRbacEnabled\":false}],\"recordCount\":0,\"storageSizeInMB\":0.0,\"usedStorageSizeInMB\":0.0,\"isRbacEnabled\":false,\"id\":\"a2b97be4-f97f-eb11-b566-000d3a229707\",\"createdBy\":\"4abbfc8f-e8f7-4d40-9370-dcb2e55de5be\",\"createTime\":\"2021-03-08T10:34:52.99Z\",\"updateTime\":\"2021-03-08T10:38:44.103Z\",\"updatedBy\":\"4abbfc8f-e8f7-4d40-9370-dcb2e55de5be\"}],\"choicesets\":[]}"
}